stem	class
अघाउ	V
अर्जाप	V
उईंति	V
उकिल	V
उघ्रि	V
उचाल	V
उफ्रि	V
कराउ	V
काँप	V
किन	V
कुल्चि	V
खस	V
खा	V
खाप	V
गल	V
गाड़	V
गाल	V
गुम्सि	V
घस	V
घस्रि	V
घोप्टी	V
चल	V
चाल	V
चोखि	V
छ	V
छाप	V
छिन	V
जँच	V
जा	V
जाँच	V
जोत	V
झपार	V
झर	V
झार	V
टर	V
टार	V
टुक्रि	V
टुसाउ	V
टॉस	V
तान	V
थि	V
थुप्रि	V
दि	V
धो	V
नाच	V
निदाउ	V
पक्रि	V
पग्लि	V
पछार	V
पढ़	V
पर्खि	V
पा	V
बस	V
बहुलाउ	V
बाँच	V
मन्सि	V
मर	V
मार	V
मुस्कुराउ	V
रो	V
लजाउ	V
लि	V
सप्रि	V
सम्झि	V
सर	V
सराप	V
सार	V
सुध्रि	V
हाँक	V
हाँस	V
हो	V
अँगार	N
अँगालो	N
अँगुठी	N
अंश	N
अकस्मात	N
अकास	N
अक्षर	N
अखबार	N
अगाडि	N
अगुल्टो	N
अगेनो	N
अग्नि	N
अघि	N
अघिपछि	N
अचानो	N
अचार	N
अचेल	N
अछेतो	N
अझ	N
अठहत्तर	N
अठार	N
अठासी	N
अठ्चालीस	N
अठ्ठाईस	N
अठ्ठीस	N
अड़डा	N
अढ़ाइ	N
अण्डो	N
अदालत	N
अदुवा	N
अनुहार	N
अनौठो	N
अन्ठाउन्न	N
अन्ठानब्बे	N
अन्त्य	N
अन्धो	N
अन्न	N
अपराध	N
अप्टेरो	N
अब	N
अबेर	N
अभाव	N
अमर	N
अमिलो	N
अम्बक	N
अम्रिसो	N
अरब	N
अरु	N
अर्का	N
अर्की	N
अलि	N
अलिअलि	N
अलिक	N
अलिकति	N
अल्छी	N
अवश्य	N
अवसर	N
असर	N
असल	N
असाध्य	N
असार	N
असिना	N
असी	N
असोज	N
अस्ति	N
अहिले	N
आँकुरो	N
आँगन	N
आँप	N
आआफू	N
आइतबार	N
आगो	N
आघौँ	N
आज	N
आटो	N
आठ	N
आदर	N
आधा	N
आन्तरिक	N
आन्द्रा	N
आपस	N
आफू	N
आफैं	N
आफ्ना	N
आफ्नी	N
आफ्नै	N
आफ्नो	N
आमनेसामने	N
आमा	N
आलु	N
आषाढ	N
आस्था	N
इँटा	N
इच्छा	N
इतिहास	N
इनार	N
उँधो	N
उँभो	N
उकेरो	N
उक्त	N
उखु	N
उता	N
उति	N
उतिखेर	N
उत्तर	N
उत्पत्ति	N
उदाहरण	N
उन	N
उनन्तीस	N
उनानब्बे	N
उनान्सय	N
उनासी	N
उनी	N
उनै	N
उन्चालीस	N
उन्चास	N
उन्नत	N
उन्नाइस	N
उन्साठी	N
उपियाँ	N
उस	N
उसबेला	N
उसरी	N
उसै	N
उसो	N
उहाँ	N
उहिले	N
उही	N
ऊँट	N
ऊन	N
एक	N
एकअर्का	N
एकअर्की	N
एकआपस	N
एकचालीस	N
एकतीस	N
एकदम	N
एकसरो	N
एकहत्तर	N
एकाउन्न	N
एकानब्बे	N
एकासी	N
एकोहोरो	N
एधार	N
ऐना	N
ओटा	N
ओठ	N
ओथारो	N
औजार	N
औधि	N
औषधी	N
कक्षा	N
कटहर	N
कटेरो	N
कटौरो	N
कता	N
कति	N
कतिखेर	N
कथा	N
कपाल	N
कपास	N
कम	N
कमर	N
कमल	N
कमिलो	N
कमेरो	N
कमै	N
कम्पनी	N
कर	N
करार	N
करोड़	N
कर्कलो	N
कर्जा	N
कलम	N
कला	N
कस	N
कसरी	N
कसै	N
कसो	N
कहाँ	N
कहिलेकाहीं	N
काँक्रो	N
काँडो	N
काका	N
काख	N
काठ	N
काठमान्डौ	N
कात्तिक	N
कात्रो	N
कान्लो	N
काम	N
कामी	N
कारण	N
कालो	N
किताब	N
किन	N
किलो	N
किसान	N
कीरो	N
कुइनो	N
कुइरो	N
कुचो	N
कुटो	N
कुट्को	N
कुन	N
कुनै	N
कुनो	N
कुम	N
कुमार	N
कुरो	N
कुलो	N
के	N
केटो	N
केराउ	N
केरो	N
केही	N
कैची	N
को	N
कोइलो	N
कोक्रो	N
कोठो	N
कोदालो	N
कोदो	N
कोपिलो	N
कोयो	N
कोरलो	N
कोसिस	N
कोसो	N
कोही	N
क्रम	N
क्रोध	N
क्षण	N
क्षेत्र	N
खकार	N
खजुरो	N
खत	N
खबटो	N
खबर	N
खरब	N
खराब	N
खरायो	N
खल्ली	N
खस्रो	N
खाडल	N
खात	N
खाना	N
खाल्डो	N
खास्टो	N
खिया	N
खिल्ली	N
खुट्टो	N
खुब	N
खुर्सानी	N
खेत	N
खेल	N
खोजी	N
खोटो	N
खोप्रो	N
खोयो	N
खोलसो	N
खोलो	N
ख्याति	N
गँगटो	N
गँड्यौलो	N
गणित	N
गधा	N
गफ	N
गमलो	N
गलैचा	N
गहन	N
गहना	N
गाँस	N
गाग्रो	N
गारो	N
गालो	N
गिजा	N
गिलास	N
गीता	N
गुनासो	N
गुन्द्री	N
गुफो	N
गुरु	N
गेडो	N
गोबर	N
गोही	N
ग्रह	N
घडी	N
घन	N
घनो	N
घर	N
घरी	N
घाम	N
घारो	N
घुम्टो	N
घैटो	N
घैलो	N
घोडो	N
चक्की	N
चक्रु	N
चक्रो	N
चट्टान	N
चतुर	N
चतुर्थ	N
चना	N
चमेरो	N
चम्चो	N
चरण	N
चरित्र	N
चाँडो	N
चामल	N
चार	N
चालीस	N
चाल्नो	N
चिउरा	N
चितुवा	N
चित्र	N
चिनी	N
चिम्टो	N
चिया	N
चुङ्को	N
चुनाव	N
चुरो	N
चुल्ठो	N
चुल्हो	N
चेत	N
चेलो	N
चैत	N
चोइटो	N
चोइलो	N
चोर	N
चोलो	N
चौकी	N
चौगुना	N
चौतारो	N
चौत्तीस	N
चौथा	N
चौथाइ	N
चौथी	N
चौथो	N
चौध	N
चौबर	N
चौबीस	N
चौरहत्तर	N
चौरानब्बे	N
चौरासी	N
चौवन्न	N
चौवालीस	N
च्याङ्ग्रो	N
छ	N
छड़ी	N
छत्तीस	N
छपन्न	N
छब्बीस	N
छयत्तर	N
छयानब्बे	N
छयालीस	N
छयासी	N
छलफल	N
छहरो	N
छाउरो	N
छाती	N
छातो	N
छानो	N
छायाँ	N
छिटो	N
छिमेक	N
छुचुन्द्रो	N
छेपारो	N
छैटौँ	N
छोरो	N
छौंडो	N
जग	N
जगगा	N
जता	N
जताततै	N
जतासुकै	N
जति	N
जतिखेर	N
जना	N
जन्तु	N
जन्म	N
जब	N
जरूर	N
जरो	N
जवाफ	N
जस	N
जसरी	N
जसै	N
जसो	N
जहाँ	N
जहाँतहाँ	N
जहाँसुकै	N
जहिले	N
जहिलेतहिले	N
जहिलेसुकै	N
जहींतहीं	N
जाँड	N
जाँतो	N
जादु	N
जाल	N
जिउ	N
जिभ्रो	N
जिलो	N
जिल्ला	N
जुको	N
जुन	N
जुनसुकै	N
जुनै	N
जुरो	N
जुवा	N
जे	N
जेठ	N
जेल	N
जेसुकै	N
जो	N
जोगी	N
जोस	N
जोसुकै	N
ज्यादा	N
ज्याला	N
ज्वाला	N
झगडा	N
झण्डा	N
झन	N
झप्की	N
झर	N
झरना	N
झलमल्ल	N
झाडी	N
झार	N
झील	N
झुपडी	N
झुरो	N
झुल	N
झोल	N
झ्याल	N
टपरो	N
टमाटर	N
टाँक	N
टाउको	N
टाटो	N
टापु	N
टालो	N
टिपोट	N
टुकी	N
टेबुल	N
टेवा	N
टोपी	N
ठग	N
ठड़ा	N
ठाउँ	N
ठाना	N
ठेक्का	N
ठोकर	N
ठोसो	N
डकैत	N
डर	N
डाँकलो	N
डाँठ	N
डाडु	N
डालो	N
डिल	N
डेक्ची	N
डेढ	N
डेरो	N
डोली	N
ढक	N
ढाँचा	N
ढाड	N
ढाल	N
ढिँडी	N
ढिस्को	N
ढुकुटी	N
ढुङ्गो	N
ढुटो	N
ढुसी	N
ढेडु	N
ढोड	N
तँ	N
तत्त्व	N
तथ्य	N
तन्तु	N
तपाईं	N
तब	N
तरकारी	N
तरिका	N
तल	N
तलमाथि	N
तलास	N
तलो	N
तसर्थ	N
ताँती	N
ताँबो	N
तागत	N
ताप	N
तार	N
तिग्रो	N
तिन	N
तिनी	N
तिनै	N
तिमी	N
तिम्रा	N
तिम्रो	N
तिर्खा	N
तिहुन	N
ती	N
तीन	N
तीनगुना	N
तीनसरो	N
तीस	N
तुरुन्त	N
तुर्को	N
तुलना	N
तुवाँलो	N
तेईस	N
तेत्तीस	N
तेबर	N
तेरा	N
तेरी	N
तेरै	N
तेरो	N
तेल	N
तेस्रा	N
तेस्रो	N
तेहोरो	N
तैं	N
तोरी	N
त्यता	N
त्यति	N
त्यतिखेर	N
त्यसकारण	N
त्यसै	N
त्यहाँ	N
त्यों	N
त्योंस	N
त्योंही	N
त्रास	N
त्रिचालीस	N
त्रिपन्न	N
त्रियानब्बे	N
त्रियासी	N
त्रिहत्तर	N
त्रुटि	N
थपड	N
थर	N
थापा	N
थाप्लो	N
थाल	N
थिग्रो	N
थिति	N
थुँगो	N
थुतुनो	N
थुन	N
थुन्से	N
थैलो	N
थोपो	N
थोरै	N
दक्षिण	N
दण्ड	N
दबाई	N
दया	N
दर	N
दराज	N
दलाल	N
दस	N
दाँत	N
दाइ	N
दाउरा	N
दाउरो	N
दाग	N
दानो	N
दाबिलो	N
दाम	N
दिउँसो	N
दिदि	N
दिन	N
दियालो	N
दिशा	N
दुई	N
दुईगुना	N
दुईसरो	N
दुध	N
दुनो	N
दुरी	N
दुलो	N
देउता	N
देश	N
दैत्य	N
दैलो	N
दोकान	N
दोबर	N
दोसल्ला	N
दोस्रा	N
दोस्री	N
दोस्रो	N
दोहोरो	N
दौड़	N
द्वार	N
द्वितीय	N
धन	N
धनी	N
धनु	N
धमिरो	N
धरती	N
धरहरा	N
धराप	N
धरो	N
धर्म	N
धागो	N
धातु	N
धारणा	N
धारो	N
धितो	N
धुवाँ	N
धूर्त	N
धेरै	N
धेरैचोटि	N
धेरैजसो	N
धोबी	N
ध्यान	N
ध्वनि	N
नक़ल	N
नक्सा	N
नगद	N
नङ	N
नजिक	N
नतिजा	N
नब्बे	N
नयाँ	N
नरिवल	N
नवौँ	N
नसो	N
नहर	N
नाइके	N
नाक	N
नाङ्लो	N
नाच	N
नाठो	N
नाति	N
नातो	N
नाफा	N
नाभो	N
निकै	N
निज	N
निजै	N
निधन	N
निपर्सि	N
निबन्ध	N
निम्तो	N
निम्न	N
नियम	N
निरन्तर	N
निर्माता	N
निवेदन	N
नेता	N
नोकर	N
नोक्सान	N
नोट	N
नौ	N
नौनी	N
न्याय	N
न्याल	N
न्यून	N
पक्षी	N
पखेटो	N
पचपन्न	N
पचहत्तर	N
पचास	N
पचासी	N
पच्चीस	N
पच्छिम	N
पछाडि	N
पछि	N
पञ्चम	N
पतन	N
पति	N
पत्थर	N
पत्नी	N
पदार्थ	N
पनाति	N
पन्चानब्बे	N
पन्द्र	N
पन्ना	N
पर	N
परम्परा	N
पराघौँ	N
परार	N
परिचय	N
परिणामस्वरूप	N
परिवार	N
पर्सि	N
पशु	N
पहिला	N
पहिली	N
पहिले	N
पहिलो	N
पाँच	N
पाउ	N
पाखे	N
पाखो	N
पाङ्ग्रो	N
पाचन	N
पाडो	N
पात	N
पातो	N
पात्रो	N
पानी	N
पानो	N
पारि	N
पालिस	N
पालुवा	N
पासो	N
पिंजडा	N
पिङ	N
पिठो	N
पिता	N
पिसाब	N
पुच्छर	N
पुतली	N
पुरापुर	N
पुरै	N
पुर्खा	N
पुल	N
पुस	N
पूर्णतः	N
पूर्विया	N
पेट	N
पेसा	N
पेस्की	N
पैंतालीस	N
पैंसठी	N
पैतालो	N
पैत्तीस	N
पैनी	N
पैसा	N
पोइ	N
पोखरा	N
पोखरी	N
पोटी	N
पोथी	N
पोश्रो	N
पोसाक	N
पोहोर	N
पौड़ी	N
पौने	N
पौष	N
प्याक	N
प्याज	N
प्यार	N
प्रकार	N
प्रत्येक	N
प्रत्येकपल्ट	N
प्रथम	N
प्रदर्शन	N
प्रशस्त	N
प्रशस्तै	N
प्रश्न	N
प्रायः	N
प्वाक्क	N
प्वॉख	N
फटाफट	N
फट्याङ्ग्रो	N
फरक	N
फरफर	N
फर्सी	N
फल	N
फलस्वरूप	N
फलाम	N
फलेक	N
फाँचो	N
फाइदा	N
फागुन	N
फापर	N
फिँज	N
फित्ता	N
फियो	N
फुत्त	N
फूल	N
फेटो	N
फेरो	N
फोक्सो	N
फोटो	N
फोहोर	N
फौज	N
बँदेल	N
बकुल्लो	N
बगचा	N
बच्चो	N
बजार	N
बटुको	N
बढि	N
बतास	N
बत्तीस	N
बन	N
बन्चरो	N
बयानब्बे	N
बयालीस	N
बयासी	N
बरखान	N
बरगी	N
बरफ	N
बर्खा	N
बल्ल	N
बसन्त	N
बहत्तर	N
बहस	N
बहिनी	N
बहुत	N
बाँस	N
बाँसरु	N
बाईस	N
बाउन्न	N
बाख्रो	N
बाघ	N
बाछो	N
बाजा	N
बाटो	N
बातैपिच्छे	N
बादल	N
बानी	N
बाफ	N
बारम्बार	N
बालुवा	N
बाहिर	N
बिछट्ट	N
बिटो	N
बिरलै	N
बिरालो	N
बिर्को	N
बिलकुल	N
बिस्ट	N
बीस	N
बुढो	N
बुधबार	N
बुबा	N
बेत	N
बेर	N
बेला	N
बेसरी	N
बेहुलो	N
बैशाख	N
बोकसो	N
बोको	N
बोक्रो	N
बोतल	N
बोरो	N
बोसो	N
ब्वाँसो	N
भँगेरो	N
भकुण्डो	N
भगवान	N
भटमास	N
भमरो	N
भरखर	N
भरे	N
भवन	N
भाँडो	N
भाइ	N
भाग	N
भात	N
भाला	N
भालु	N
भाषा	N
भिखारी	N
भित्तो	N
भित्र	N
भित्रबाहिर	N
भिर	N
भुँडी	N
भुकम्प	N
भुत	N
भुत्लो	N
भुस	N
भुसुनो	N
भूत	N
भूमि	N
भेट्नो	N
भेडो	N
भेला	N
भोज	N
भोलि	N
भ्यागुतो	N
भ्रम	N
म	N
मकै	N
मखुन्डो	N
मगज	N
मङ्सिर	N
मजदुर	N
मट्टितेल	N
मन्जन	N
मन्त्री	N
मरुभूमि	N
मल	N
मसला	N
मह	N
महत	N
महिना	N
माउ	N
माकुरो	N
माछो	N
माटो	N
माथि	N
माध्यम	N
मान्छे	N
माला	N
मासु	N
मिति	N
मिर्गौलो	N
मीत	N
मुकुट	N
मुख	N
मुटु	N
मुनि	N
मुन्टो	N
मुर्ति	N
मुला	N
मुसो	N
मेरा	N
मेरी	N
मेरै	N
मेरो	N
मेवा	N
मै	N
मैं	N
मैदान	N
मैन	N
मोजा	N
मोती	N
मोसो	N
मौका	N
मौरी	N
मौसुफ	N
म्वाइँ	N
यता	N
यति	N
यतिखेर	N
यदाकदा	N
यन्त्र	N
यस	N
यसरी	N
यसर्थ	N
यसै	N
यसो	N
यस्कारण	N
यहाँ	N
यही	N
यहीं	N
यातायात	N
यिन	N
यिनी	N
यिनै	N
यी	N
युद्ध	N
यो	N
योजना	N
रँको	N
रक्षा	N
रक्सी	N
रगत	N
रङ	N
रण्डो	N
रस	N
रसायन	N
राँगो	N
राजा	N
राज्य	N
राम	N
राम्ररी	N
राम्रो	N
राहदानी	N
रिस	N
रुमाल	N
रेडियो	N
रोग	N
रौं	N
रौंढो	N
लक्ष्य	N
लगन	N
लघु	N
लट्टो	N
लडाई	N
लडाकु	N
लत्को	N
ललतिपुर	N
लसुन	N
लहरो	N
लाख	N
लाज	N
लाटो	N
लाम	N
लामा	N
लाश	N
लिलाम	N
लिस्नो	N
लुगा	N
लुगो	N
लुतो	N
लेदो	N
लोभ	N
लौको	N
लौरो	N
वकिल	N
वचत	N
वटा	N
वटी	N
वर	N
वरपर	N
वर्ग	N
वस्तु	N
वस्तुतः	N
वहाँ	N
वाक्य	N
वारि	N
वारिपारि	N
विज्ञान	N
विभाग	N
शब्द	N
शहर	N
शिशिर	N
शोषण	N
श्याम	N
श्राप	N
श्रीपेच	N
सँगसँगै	N
सँस्कार	N
संझना	N
संभव	N
संरचना	N
संस्था	N
सके	N
सङ्गीत	N
सजाय	N
सठ्चालीस	N
सतह	N
सतासी	N
सत्तरी	N
सत्तहत्तर	N
सत्ताईस	N
सत्ते	N
सत्र	N
सत्सठी	N
सदस्य	N
सदा	N
सधैँ	N
सनासो	N
सन्ताउन्न	N
सन्तानब्बे	N
सन्तुलन	N
सपना	N
सबै	N
समय	N
समाचार	N
समाज	N
समुन्द्र	N
सम्धी	N
सम्बन्ध	N
सय	N
सरकार	N
सरसर्ति	N
सर्प	N
सल	N
सलाई	N
सलेदो	N
सल्लो	N
सवा	N
ससुरो	N
सहमति	N
साँच्चिकै	N
साँच्चे	N
साइनो	N
साउन	N
साग	N
साङ्लो	N
साठी	N
साढ़े	N
सात	N
सानो	N
साबुन	N
सामान्यतः	N
सामु	N
सामुन्ने	N
सायद	N
सायदै	N
सारस	N
सालिक	N
सालो	N
सास	N
सिक्री	N
सितै	N
सितो	N
सिनो	N
सिपाही	N
सियो	N
सिरक	N
सिर्को	N
सीता	N
सुँगुर	N
सुइरो	N
सुगा	N
सुटुक्क	N
सुती	N
सुन	N
सुनिता	N
सुस्केरो	N
सुस्तरी	N
सूची	N
सूर्य	N
सेना	N
सेवा	N
सैत्तीस	N
सो	N
सोमबार	N
सोही	N
स्तन	N
स्याउ	N
स्वतः	N
स्वर्ग	N
स्वाभावतः	N
हँस	N
हँसिया	N
हजार	N
हजुर	N
हड्डी	N
हतियार	N
हत्केलो	N
हमला	N
हरि	N
हरेक	N
हल	N
हलो	N
हाँगो	N
हाट	N
हात	N
हामी	N
हाम्रा	N
हाम्री	N
हाम्रै	N
हाम्रो	N
हार	N
हावा	N
हिउँ	N
हिउँद	N
हिजो	N
हिलो	N
हिसाब	N
हुलाक	N
हेमन्त	N
हौसला	N
